horas_sueno,estado_animo,energia,estres,tiempo_redes,ejercicio,cafe_tazas,completado
7.2,1,5,4,114,0,0,1
7.4,9,2,10,216,0,0,0
4.5,4,9,10,13,0,4,0
6.1,8,10,5,3,0,3,1
5.7,3,4,6,52,0,3,0
4.5,6,10,5,22,1,4,1
4.6,7,2,9,150,1,4,0
5.0,2,1,4,148,0,1,0
8.3,7,5,8,186,0,2,0
5.8,5,2,10,87,0,1,0
6.3,5,9,4,166,0,1,0
8.1,6,7,5,33,0,4,1
8.4,6,4,8,202,1,1,1
5.3,4,9,9,134,1,4,0
6.0,4,3,9,252,0,0,0
8.3,3,3,7,32,1,3,0
7.0,8,9,5,283,0,0,1
7.4,9,5,6,57,1,3,1
4.8,1,5,9,91,0,2,0
8.2,9,10,4,78,1,1,1
6.7,9,1,10,165,1,0,0
4.6,6,5,4,29,0,4,0
8.7,2,8,2,272,0,1,1
7.3,9,3,5,270,1,1,1
8.6,4,5,7,191,1,4,0
6.3,4,4,2,173,0,4,0
6.8,10,4,1,36,0,1,1
4.3,1,6,2,263,0,2,0
7.3,4,9,3,292,1,1,1
7.9,7,4,2,49,1,2,1
6.1,8,1,2,31,1,2,1
8.0,2,4,4,97,1,1,1
6.1,5,8,4,38,1,4,1
4.5,9,1,2,121,0,3,0
6.4,4,7,1,84,1,0,1
8.9,5,8,5,216,1,1,1
4.9,4,1,10,277,0,2,0
4.3,10,8,9,271,0,0,0
8.8,2,3,2,34,0,3,0
4.6,10,4,10,20,0,3,0
7.3,10,9,6,133,0,2,1
5.2,7,3,5,234,1,0,1
4.0,10,10,2,37,0,4,1
5.3,6,2,4,189,1,1,1
6.2,9,5,10,270,0,4,0
5.5,2,3,5,59,0,4,0
4.8,5,10,4,175,0,2,0
6.5,5,1,2,216,1,0,0
4.0,3,5,3,226,1,4,0
4.0,2,3,9,18,1,4,0
6.8,7,3,1,157,1,0,1
8.5,4,4,2,181,1,4,0
7.7,4,3,3,211,0,1,0
7.7,6,7,4,136,0,0,1
5.9,1,8,4,102,1,2,1
5.5,4,4,1,98,1,2,0
5.4,2,5,6,260,1,4,0
5.7,1,2,5,91,1,0,0
4.5,7,6,6,223,0,3,0
8.5,4,5,1,223,0,4,0
8.6,9,4,6,220,0,2,0
7.1,2,5,9,158,1,2,0
6.0,5,9,3,98,1,3,1
7.4,3,10,10,154,1,4,0
8.2,5,5,4,220,1,3,0
6.2,4,9,8,86,0,2,0
6.6,10,6,2,120,1,1,1
8.0,3,1,1,125,1,4,0
8.2,2,8,7,294,0,3,0
6.5,4,3,1,54,1,1,0
4.9,9,8,1,285,0,0,1
6.3,8,9,9,162,1,4,0
8.1,9,7,9,228,0,3,1
6.3,4,5,9,248,0,2,0
6.2,5,4,5,171,1,4,0
4.4,3,4,7,78,0,0,0
6.1,6,9,8,212,0,1,0
8.2,7,10,1,294,1,3,1
4.0,6,5,7,214,0,3,0
5.1,7,8,1,199,1,3,1
7.6,8,3,10,273,0,3,0
7.0,1,2,7,69,1,1,0
4.3,7,6,4,232,1,2,1
7.8,7,5,7,129,0,3,0
4.1,9,1,6,114,0,0,0
7.8,4,4,1,78,0,1,1
6.4,2,10,4,238,1,2,1
4.8,10,2,3,159,0,4,0
4.1,5,10,7,203,0,0,0
7.0,4,2,5,61,0,2,1
6.7,6,2,9,174,0,3,0
8.1,2,7,6,235,0,3,0
4.9,9,5,10,275,1,3,0
6.2,10,5,6,125,0,2,0
8.4,4,8,10,194,1,0,1
6.5,6,3,8,108,1,2,0
5.7,10,5,9,5,0,0,0
5.2,7,8,9,123,1,3,0
6.2,1,2,5,113,1,1,0
5.5,10,6,8,283,1,3,0
9.0,9,6,6,232,1,2,1
5.3,2,4,6,61,0,1,0
5.1,8,5,10,268,1,0,0
8.2,5,4,6,91,1,0,0
7.5,3,5,1,27,1,1,1
7.2,8,2,1,293,1,3,1
6.4,6,3,1,129,1,0,1
8.1,7,8,2,295,0,1,1
4.7,10,5,2,127,0,4,0
7.8,10,10,10,115,1,3,1
8.5,5,10,7,156,0,4,0
8.8,2,4,4,135,0,1,0
5.2,9,2,3,1,1,3,1
7.4,8,5,1,118,1,2,1
7.5,8,2,4,135,0,3,1
4.6,4,3,5,72,0,0,0
4.8,5,10,10,147,1,0,0
6.3,5,7,5,256,1,3,0
4.4,1,7,6,128,0,0,0
5.1,10,10,1,137,0,1,1
6.4,8,5,3,299,1,3,0
8.8,8,6,7,170,1,0,1
8.3,6,7,8,147,1,4,1
4.2,2,6,5,165,0,3,0
8.3,1,9,8,211,0,1,0
6.6,10,8,8,26,0,2,1
6.7,5,8,8,62,0,4,0
8.0,3,5,9,7,1,0,0
5.1,2,8,2,78,1,2,1
6.5,5,7,8,241,0,3,0
6.8,7,4,10,260,0,0,0
5.4,7,6,9,136,0,2,0
7.6,10,10,8,76,1,4,1
6.4,6,9,9,193,1,2,1
8.3,4,10,7,119,1,0,1
5.6,8,7,7,77,1,0,1
4.6,10,6,2,225,0,4,1
8.6,1,3,7,79,0,3,0
7.9,5,6,10,203,0,2,0
8.3,9,7,6,249,0,4,1
4.3,5,4,2,222,0,0,0
6.2,5,1,1,166,0,2,0
5.8,7,3,4,271,1,4,0
7.4,3,3,3,40,1,4,1
7.4,8,10,3,118,1,2,1
6.3,1,8,5,279,0,0,0
6.2,6,10,5,217,1,3,1
8.2,4,7,8,54,0,3,0
6.9,10,5,5,11,1,2,1
4.0,1,10,8,146,0,4,0
8.0,4,4,10,128,0,0,0
8.5,1,5,8,17,1,1,0
4.5,5,6,7,89,0,1,0
7.9,6,9,9,139,0,2,1
8.6,8,5,6,58,1,0,1
4.7,4,7,9,187,0,3,0
4.1,9,2,8,188,1,4,0
5.9,6,2,4,241,0,4,0
8.4,9,6,10,113,0,3,1
8.5,5,7,2,71,0,0,1
5.5,8,2,2,120,0,3,0
6.3,9,7,10,79,1,0,1
8.2,10,7,5,16,1,1,1
6.2,4,6,2,188,1,0,1
6.0,4,2,8,46,0,4,0
8.9,1,6,4,64,0,0,1
8.1,9,4,10,110,0,2,1
7.9,10,1,5,74,0,4,1
5.3,3,2,1,67,0,2,0
7.9,4,10,6,8,0,2,1
4.3,7,9,2,32,1,3,1
7.9,9,10,2,231,0,4,1
4.2,9,5,8,15,0,3,0
8.2,7,2,8,227,0,0,0
5.6,3,2,3,140,1,3,0
9.0,9,5,8,258,1,0,1
8.0,2,9,4,220,1,1,1
6.1,8,7,7,48,1,3,1
5.6,5,6,3,242,0,0,0
8.2,2,7,2,190,0,4,1
4.3,9,9,6,62,1,2,1
8.4,7,1,5,159,1,0,1
6.9,4,3,8,114,0,2,0
8.2,6,2,5,293,0,3,1
8.2,10,10,9,13,1,0,1
4.9,5,6,6,3,0,1,0
6.8,7,2,3,15,0,4,0
5.1,7,8,6,80,1,2,1
7.6,10,10,2,26,0,1,1
7.8,1,2,5,226,1,3,0
7.0,7,5,4,262,0,2,1
6.1,5,10,8,269,1,0,0
5.1,10,1,1,104,1,1,1
7.8,5,5,6,61,0,3,0
7.7,3,3,7,272,0,4,0
6.8,6,2,7,21,1,0,0
6.3,2,6,10,219,1,3,0
5.4,7,1,6,87,1,2,0
4.4,2,4,7,205,0,3,0
8.4,6,4,6,86,0,4,0
7.2,9,9,4,178,1,1,1
5.2,3,5,4,88,0,0,0
4.9,8,8,10,296,1,4,0
7.2,10,6,6,77,1,0,1
6.3,5,5,10,28,1,4,0
4.4,8,8,1,29,1,2,1
4.4,2,10,10,259,1,3,0
6.9,1,8,10,96,1,4,0
6.4,3,1,8,52,1,0,0
6.5,3,1,4,224,1,4,0
6.6,3,6,6,144,1,3,0
7.9,10,1,6,33,1,0,1
6.8,7,5,5,76,1,0,1
6.9,3,6,5,200,0,4,0
7.5,2,5,9,192,1,1,0
7.4,9,2,7,260,1,0,1
5.8,3,4,6,248,0,1,0
9.0,3,2,5,51,0,2,1
8.4,10,3,10,192,0,1,0
4.9,10,3,8,22,1,2,0
7.4,4,8,10,145,1,1,1
6.7,5,8,4,188,1,3,0
7.8,7,9,9,214,0,1,1
8.0,3,5,1,246,1,4,0
8.7,9,2,5,42,0,2,1
6.2,9,3,7,46,0,3,0
8.4,1,7,1,202,1,1,1
5.9,2,6,4,14,1,0,1
8.2,6,3,3,19,1,3,1
7.5,3,8,8,2,0,0,1
5.3,3,9,10,270,1,0,0
7.9,4,5,2,24,0,3,0
7.2,10,8,2,56,1,4,1
6.7,9,10,4,73,1,3,1
4.0,6,4,10,213,0,0,0
6.6,6,2,9,278,0,3,0
8.4,1,7,6,129,0,2,0
7.9,6,4,2,297,1,1,1
4.2,9,6,3,237,1,1,1
8.1,2,8,1,150,0,0,1
8.0,1,6,5,263,1,4,1
6.4,1,4,5,182,0,2,0
5.4,6,7,7,225,1,2,1
8.9,8,8,6,265,1,0,1
7.6,2,7,10,92,1,2,1
4.5,6,5,5,228,1,1,1
7.4,6,8,1,180,1,2,1
7.2,1,2,7,186,0,0,0
4.7,10,8,1,64,0,1,1
7.9,6,6,7,290,0,4,1
4.8,8,6,6,227,0,4,0
4.7,6,7,6,142,0,0,0
4.1,3,8,9,198,0,2,0
7.9,8,4,10,146,1,1,1
4.6,2,8,3,227,0,2,0
7.3,2,9,9,148,1,1,1
7.6,3,6,9,114,0,1,1
8.0,4,8,1,184,1,3,1
8.0,9,3,10,44,0,2,1
6.0,8,9,7,209,0,1,0
8.9,2,8,8,264,1,1,1
8.4,9,10,3,66,1,4,1
8.6,1,2,9,78,1,1,0
4.8,4,6,9,145,0,2,0
5.0,9,5,3,155,0,4,0
7.2,10,10,3,87,1,4,1
4.2,1,2,1,295,1,1,0
7.8,7,10,1,254,1,2,1
6.4,7,5,8,37,0,1,0
6.2,8,8,4,174,0,2,1
8.3,6,6,7,66,1,4,1
6.8,6,4,8,62,1,3,0
5.2,2,1,5,196,1,1,0
8.8,3,6,10,160,0,1,0
6.5,9,8,8,157,1,0,1
4.5,7,9,8,123,0,4,0
5.8,1,5,8,240,1,4,0
4.0,2,7,3,135,1,3,0
5.8,7,1,10,287,0,2,0
6.8,2,7,9,230,1,4,0
7.4,2,3,2,201,1,2,1
6.8,6,3,4,260,1,4,0
4.2,1,3,6,242,1,1,0
7.0,9,3,6,163,0,3,0
9.0,5,10,6,259,1,4,0
5.5,1,6,6,56,1,4,0
5.5,1,10,8,135,0,0,0
6.9,3,9,10,194,0,1,0
4.2,2,4,1,225,1,3,0
4.8,4,7,9,241,0,1,0
6.6,9,6,8,269,1,2,1
8.8,8,9,6,279,1,2,1
7.1,4,4,5,285,1,1,1
8.7,5,5,4,250,1,3,0
5.7,5,5,2,293,1,3,0
8.1,3,5,1,147,0,2,0
8.6,5,8,4,103,1,4,1
7.5,3,2,10,300,0,1,0
4.3,9,4,4,26,0,3,0
5.7,8,2,3,2,0,3,0
7.3,8,8,4,147,1,2,1
7.2,2,10,4,273,0,1,1
6.1,3,1,7,253,0,2,0
8.4,1,5,10,54,1,2,0
6.3,9,9,8,68,1,2,1
5.0,2,6,3,234,1,1,1
4.1,6,5,10,98,0,4,0
8.3,7,7,9,167,0,3,1
7.3,3,3,8,165,0,0,0
5.3,4,8,5,168,1,4,0
7.6,1,5,6,120,0,0,0
6.3,3,7,9,159,0,2,0
5.8,4,4,3,244,0,3,0
7.7,10,6,7,281,1,4,1
8.0,4,4,10,41,1,4,0
7.5,2,10,2,31,0,4,1
6.7,3,6,9,226,0,1,0
7.6,8,2,9,228,0,3,0
4.7,7,8,10,29,1,2,1
7.6,7,5,1,111,0,0,1
6.1,2,9,1,35,1,0,1
5.4,3,3,7,191,1,3,0
8.3,7,7,2,276,0,2,1
4.6,9,7,9,65,0,0,1
7.8,5,8,9,217,1,1,1
5.2,6,3,5,96,0,0,1
8.0,7,10,1,123,0,0,1
4.5,1,8,10,24,0,0,0
6.0,4,9,4,28,0,4,0
9.0,4,10,6,295,1,1,1
5.5,3,9,4,211,1,2,1
4.3,10,3,7,284,1,0,0
8.9,7,9,6,213,1,1,1
5.5,3,9,8,123,0,2,0
8.3,3,8,1,287,1,3,1
6.8,3,7,4,130,0,2,0
7.2,8,6,2,274,0,0,1
5.3,10,10,1,37,0,4,1
7.6,9,4,8,106,1,2,1
8.8,1,4,4,60,1,1,1
7.5,4,7,4,282,1,2,1
5.9,9,6,5,133,1,4,1
8.4,8,2,8,163,0,2,0
5.6,1,10,4,74,0,2,1
6.8,10,10,7,151,0,1,0
5.6,7,10,4,255,1,2,1
7.8,8,8,8,86,1,1,1
4.7,9,8,3,277,0,4,1
4.2,2,1,1,211,0,1,0
4.3,3,1,4,258,1,2,0
4.3,10,8,8,8,0,4,0
6.8,1,1,9,140,1,0,0
6.5,7,3,2,49,0,1,1
5.0,9,5,6,136,1,0,0
5.9,7,8,10,124,0,2,0
7.4,2,1,2,207,1,3,0
6.8,1,1,3,42,1,3,0
7.2,6,10,2,270,0,1,1
5.1,10,8,5,23,0,2,1
8.5,10,1,3,161,0,1,1
6.9,7,2,5,83,0,4,0
8.2,7,9,6,196,0,0,1
6.5,6,1,2,223,0,0,0
5.7,10,10,7,167,0,2,0
7.9,8,8,4,182,1,3,1
4.9,10,7,2,151,0,0,1
4.4,3,7,3,199,1,2,1
4.5,1,5,8,184,1,0,0
4.7,3,7,8,285,1,0,0
4.1,6,9,2,166,1,0,1
5.5,7,2,9,124,0,3,0
4.8,5,5,5,252,0,0,0
4.8,5,7,5,247,0,2,0
5.3,4,8,10,100,1,0,0
4.7,1,7,6,194,1,3,0
5.7,10,3,5,164,0,3,0
5.6,7,6,5,251,0,2,1
5.9,7,6,2,288,0,4,1
9.0,3,9,1,236,0,3,1
8.0,2,7,8,71,1,1,1
5.3,3,7,7,37,1,4,0
6.4,7,9,9,214,0,2,0
7.5,9,10,2,55,0,2,1
4.8,10,1,10,204,1,3,0
4.5,2,5,4,261,0,3,0
5.9,8,10,9,77,1,0,1
6.4,5,7,2,59,0,2,1
5.6,8,4,9,247,1,3,0
4.5,8,6,2,153,0,0,1
4.1,6,2,3,124,0,4,0
4.8,9,7,8,118,1,1,1
4.9,7,7,1,101,1,4,1
6.1,1,4,4,142,0,4,0
4.5,9,3,6,166,0,3,0
4.6,8,9,6,198,1,4,0
4.6,6,8,10,88,1,4,1
7.0,3,6,2,122,1,0,1
4.9,3,9,7,214,0,4,0
5.9,3,8,9,88,0,3,0
5.4,3,6,8,27,1,0,0
6.4,4,7,9,258,1,3,0
7.4,7,8,8,85,0,4,1
4.2,4,5,1,140,0,4,0
5.4,8,10,8,281,0,4,0
4.6,9,6,9,21,1,4,1
5.1,7,2,4,152,0,3,0
5.3,2,8,2,121,0,4,0
7.4,10,7,3,71,0,1,1
8.0,10,6,9,143,0,2,1
8.9,5,5,10,136,0,1,0
8.8,7,1,5,64,0,1,1
4.7,6,4,7,250,0,4,0
7.2,7,7,8,38,0,3,1
6.6,5,6,8,249,1,4,0
4.0,2,8,6,32,1,1,0
8.8,4,8,5,165,1,2,1
6.7,3,10,8,175,0,0,0
4.5,8,1,2,80,1,3,1
4.0,7,4,3,154,0,2,0
4.5,6,5,2,190,0,0,0
6.0,5,4,7,46,0,0,0
5.1,2,3,10,115,1,0,0
4.0,6,2,7,67,1,0,0
5.1,2,2,2,160,1,2,0
4.7,3,3,2,271,0,4,0
7.3,8,6,4,77,1,4,1
7.4,4,2,2,71,0,4,0
7.7,6,7,6,71,0,2,1
7.2,4,9,10,145,0,2,0
5.0,10,9,4,200,1,0,1
7.9,4,8,7,57,0,3,0
7.2,2,9,1,184,1,1,1
5.9,10,7,6,279,0,3,0
8.8,2,1,10,34,0,2,0
5.1,1,7,9,146,1,3,0
7.5,2,9,9,78,1,0,1
5.5,9,4,3,274,1,3,0
6.9,2,5,7,122,0,1,0
4.4,7,2,8,28,1,1,0
4.6,3,1,3,254,1,4,0
6.6,5,3,6,64,1,0,0
7.9,1,6,7,139,0,2,0
7.6,10,2,8,233,1,0,1
6.5,10,3,6,80,1,0,0
8.5,2,4,9,1,0,0,0
5.2,8,6,7,76,0,0,1
6.8,7,4,6,127,1,2,0
5.4,2,10,6,61,0,1,0
5.1,9,1,7,35,1,2,0
7.9,5,6,2,283,1,0,1
5.8,5,10,5,124,1,2,1
7.0,8,4,9,125,0,0,0
8.7,1,4,9,177,0,2,0
4.0,7,5,2,105,0,3,0
6.5,1,3,5,47,0,1,0
8.5,9,7,6,234,0,4,1
4.5,3,7,2,290,0,3,0
7.3,3,4,5,133,1,3,0
7.5,6,6,8,139,0,0,1
8.7,3,10,2,79,0,1,1
6.2,6,7,2,274,1,1,1
6.3,8,5,2,46,0,2,1
8.1,10,1,4,167,0,0,1
7.6,6,7,9,25,1,2,1
8.1,3,1,7,231,0,0,0
6.3,3,2,1,31,0,1,0
5.0,7,6,2,298,1,0,1
4.1,2,4,8,65,0,2,0
4.6,8,1,3,293,1,3,0
6.5,7,7,3,181,0,1,1
5.4,8,3,1,125,1,3,0
6.1,9,8,1,44,1,3,1
4.7,4,9,4,278,0,3,0
7.9,6,8,9,248,1,4,1
6.5,7,5,3,13,1,4,1
5.1,5,1,8,271,1,4,0
9.0,3,2,4,123,1,4,0
8.1,1,4,10,198,1,1,0
4.9,10,6,6,14,1,4,1
6.8,10,4,8,277,1,1,0
6.5,2,1,4,112,0,4,0
6.4,6,10,4,66,1,1,1
8.6,6,1,1,75,0,0,1
8.2,6,2,6,202,0,2,0
5.5,3,3,7,249,1,1,0
7.5,9,10,6,114,0,3,1
5.5,5,3,3,0,1,4,0
4.2,10,6,10,113,0,3,0
4.7,2,4,6,163,0,0,0
8.1,6,8,1,135,0,1,1
7.5,6,5,2,0,0,3,1
6.2,7,3,7,252,1,2,0
6.7,2,8,10,115,0,3,0
4.4,1,5,1,163,1,0,0
4.4,3,7,3,38,0,2,1
7.0,10,8,1,220,0,4,1
8.4,3,1,2,169,0,1,0
6.0,9,9,5,144,1,1,1
4.5,7,10,9,251,0,0,0
5.8,7,2,5,245,0,0,0
4.1,3,5,2,242,0,2,0
7.9,8,8,5,46,1,1,1
5.9,7,6,3,228,0,2,1
6.2,5,4,5,288,0,1,0
7.8,2,2,6,277,1,4,0
5.1,1,7,9,214,1,4,0
8.4,8,5,2,202,0,4,1
6.9,9,10,10,75,0,3,0
4.9,3,4,4,64,0,3,0
4.4,7,4,3,132,1,0,1
4.4,9,7,9,166,1,4,0
6.3,1,10,10,267,1,0,0
6.1,3,10,10,298,0,0,0
6.8,2,5,9,176,1,2,0
5.9,8,10,10,242,0,1,0
5.4,3,10,10,205,0,3,0
8.4,6,4,1,243,1,2,1
4.1,5,5,5,251,0,1,0
4.7,8,6,5,213,0,1,1
6.2,7,8,9,191,0,4,0
8.0,2,5,9,206,0,4,0
8.4,1,3,4,102,0,1,1
4.2,1,6,4,140,1,3,0
6.5,2,1,4,190,1,4,0
6.2,8,10,9,179,1,1,1
8.2,5,2,5,14,1,0,1
4.8,10,4,4,115,0,2,1
7.3,9,1,1,242,0,1,1
7.0,1,4,5,156,1,3,0
8.5,6,8,5,111,1,2,1
7.4,10,7,10,52,0,4,1
9.0,6,9,10,144,1,0,1
6.4,6,5,6,141,1,2,0
4.9,9,4,1,206,1,1,1
7.6,8,5,5,214,1,3,1
7.7,10,10,4,175,0,4,1
7.2,8,6,9,153,0,4,1
4.9,2,8,3,132,0,2,0
7.3,4,6,4,157,1,2,1
5.9,10,5,8,60,1,0,0
8.3,10,10,10,36,1,1,1
6.5,7,9,5,211,0,1,1
4.7,4,6,7,291,1,1,0
5.6,3,2,8,170,0,2,0
7.2,1,8,5,107,0,4,1
7.8,8,2,3,222,1,3,1
6.1,8,7,1,19,0,2,1
8.8,6,9,4,9,0,1,1
5.1,6,5,3,52,1,4,1
6.9,3,2,1,152,1,3,0
7.6,10,9,6,222,0,2,1
9.0,8,6,4,84,1,0,1
5.1,3,4,1,258,0,0,0
5.8,1,7,5,273,0,4,0
9.0,2,1,1,59,1,3,1
5.9,9,5,8,78,0,0,0
5.5,2,9,5,70,1,0,1
6.6,10,2,5,58,0,3,0
5.0,4,5,9,103,1,3,0
5.5,1,9,8,106,1,2,0
5.2,1,2,2,293,1,1,0
8.7,9,2,2,131,0,3,1
8.9,5,5,8,25,0,1,0
8.4,5,6,6,218,0,0,0
8.3,1,1,3,87,1,2,1
8.5,10,5,2,190,1,1,1
4.6,7,8,5,197,1,3,1
7.2,3,2,3,30,0,0,1
6.1,10,8,10,224,0,4,0
5.9,6,10,1,66,1,3,1
4.6,7,8,1,32,1,2,1
4.1,9,10,10,114,1,4,1
6.6,10,2,7,127,1,2,0
7.3,7,3,9,27,0,1,1
6.5,8,8,3,38,1,2,1
5.2,5,1,9,114,1,3,0
8.1,2,8,8,293,1,0,1
8.3,8,6,2,254,0,0,1
6.0,1,9,9,0,0,4,0
8.8,5,9,9,105,1,2,1
5.8,1,4,8,169,1,2,0
7.6,2,2,4,1,1,2,1
8.1,5,9,9,191,0,0,0
8.5,8,3,7,54,1,4,1
5.0,2,7,4,234,0,2,0
4.5,7,1,10,63,1,3,0
7.3,9,3,8,2,0,4,0
8.7,10,8,9,90,0,1,1
4.5,10,10,6,258,1,3,0
8.9,4,5,7,175,1,3,0
8.0,3,7,10,262,1,4,0
8.3,9,4,4,107,1,2,1
8.6,3,3,9,277,1,0,0
7.8,9,8,10,292,1,4,1
5.4,7,1,9,54,0,3,0
4.7,1,4,5,82,1,2,0
4.7,1,5,4,277,0,2,0
8.1,2,10,9,114,1,1,1
6.6,5,1,7,198,1,2,0
8.8,1,1,5,103,1,1,1
8.6,6,10,9,100,0,2,1
6.2,2,3,3,263,0,3,0
4.2,5,9,5,66,0,4,0
8.2,1,6,8,79,0,1,1
8.6,10,1,10,154,1,4,0
6.8,2,6,9,112,0,4,0
4.3,9,3,7,278,1,0,0
5.7,4,6,6,184,1,1,0
8.8,10,9,8,287,0,0,1
7.3,8,4,10,124,0,2,0
5.9,2,7,5,276,1,0,1
8.6,6,9,9,228,1,0,1
5.5,4,6,9,42,0,1,0
8.9,9,9,1,33,0,1,1
8.3,7,2,4,275,1,0,1
7.7,3,1,8,169,0,0,0
4.4,3,5,9,36,0,2,0
6.0,8,7,7,161,0,3,0
7.4,9,1,10,32,0,0,1
5.8,9,2,5,154,0,2,0
7.8,8,7,7,15,1,1,1
6.7,3,7,9,151,0,2,0
7.4,6,1,9,284,0,0,0
4.2,10,10,7,275,0,2,0
5.1,6,4,7,262,0,1,0
4.9,10,5,4,58,0,4,0
8.3,9,8,9,37,1,0,1
5.3,4,10,8,169,1,1,0
7.4,4,2,5,35,0,2,1
6.4,6,10,5,299,0,4,1
6.8,6,7,3,2,1,1,1
7.9,7,5,6,68,1,3,1
6.3,6,5,8,282,0,1,0
7.2,2,5,3,275,0,2,0
7.7,2,2,1,259,0,4,0
6.9,10,4,1,282,1,4,0
8.5,9,8,3,187,1,1,1
8.5,10,5,3,237,0,3,1
5.8,1,4,10,84,0,3,0
4.8,10,10,3,247,1,0,1
5.1,8,4,2,135,1,1,1
4.2,4,9,6,198,1,3,0
8.4,1,6,2,266,1,2,1
6.9,10,3,7,193,1,4,0
7.3,2,9,5,192,0,4,1
6.0,6,8,8,3,0,3,0
4.8,2,9,5,108,0,1,1
4.8,10,2,4,212,1,0,1
6.4,8,8,4,82,1,0,1
5.2,3,10,10,82,0,4,0
4.2,10,3,1,85,1,1,1
6.6,7,10,10,9,1,0,1
5.1,10,8,8,87,0,3,0
7.0,10,3,10,261,1,1,1
7.6,6,8,10,35,0,3,1
5.9,2,1,4,267,1,1,0
7.0,3,8,10,19,0,0,1
6.4,3,10,9,0,1,4,0
6.1,1,9,7,117,1,3,0
5.8,10,2,7,68,1,3,0
7.8,2,5,10,278,1,2,0
4.9,1,10,9,60,0,3,0
7.3,6,7,6,54,0,3,1
7.3,5,5,9,216,1,4,0
5.4,7,4,7,282,1,1,0
5.9,9,8,5,157,1,3,1
7.7,2,4,8,82,0,1,0
6.5,6,9,10,26,0,3,0
8.8,1,2,3,241,1,0,1
4.3,4,6,2,19,1,3,1
7.1,9,5,10,29,0,3,0
6.2,4,9,5,99,0,4,0
6.6,4,10,3,18,1,1,1
7.3,3,2,5,204,1,3,0
6.0,4,9,1,35,0,4,0
5.4,9,10,6,177,1,1,1
7.0,4,8,7,294,0,2,0
4.9,9,2,9,37,1,2,0
8.7,9,5,9,294,1,3,0
8.8,10,8,4,173,1,3,1
8.5,1,8,2,132,0,3,1
7.2,4,4,6,211,1,4,0
6.7,5,4,5,47,1,2,0
4.4,3,8,6,181,0,4,0
5.3,4,8,4,120,0,2,1
5.0,4,4,10,182,0,0,0
4.6,2,8,10,3,0,3,0
5.9,6,8,10,140,1,1,1
8.9,9,5,7,113,0,0,1
6.6,7,8,9,16,1,3,1
8.3,3,8,2,265,1,2,1
7.4,1,4,7,297,0,2,0
5.8,5,3,9,134,0,2,0
6.4,10,6,6,94,1,3,1
5.1,6,6,7,143,1,1,1
6.9,10,4,2,138,0,4,0
6.2,7,4,3,76,1,0,1
4.9,8,3,9,273,1,3,0
5.5,9,10,1,203,0,1,1
4.3,5,8,2,230,1,2,1
5.8,9,9,5,176,0,3,1
4.6,10,4,10,294,0,2,0
5.8,9,8,8,40,1,4,1
5.4,3,3,6,215,1,0,0
4.4,6,4,6,162,1,2,0
7.0,7,5,8,185,1,3,0
4.8,1,3,4,128,0,1,0
4.8,2,2,2,242,0,0,0
7.9,9,2,2,134,0,0,1
7.3,7,5,4,126,1,3,1
7.1,3,9,3,14,0,2,1
8.3,6,8,8,276,1,4,1
6.2,9,3,10,233,1,4,0
7.2,9,5,6,246,0,0,0
6.2,6,7,5,79,1,0,1
4.0,3,6,5,240,0,3,0
8.7,8,5,1,220,1,4,1
5.2,1,9,6,96,1,4,0
6.2,4,3,7,193,0,2,0
4.4,4,9,10,139,1,4,0
8.0,7,4,2,93,0,2,1
4.6,8,10,8,139,1,1,1
5.6,3,1,9,11,0,0,0
5.4,3,8,1,119,0,1,1
4.1,4,6,7,159,1,2,0
6.3,1,6,2,74,0,2,1
7.9,2,9,8,92,0,2,1
8.1,1,2,4,197,1,1,1
7.7,1,4,8,48,0,3,0
5.9,5,6,3,21,0,2,1
6.4,5,4,6,26,0,0,0
5.2,7,6,1,85,1,4,1
4.6,4,1,1,297,1,4,0
4.8,2,4,3,255,0,4,0
5.7,1,1,6,78,0,1,0
6.4,6,9,6,224,0,0,0
7.4,6,3,5,20,1,3,1
6.8,9,8,4,290,0,4,1
5.7,8,5,10,283,0,0,0
6.7,8,5,5,277,1,3,0
4.0,9,7,3,9,1,4,1
5.2,2,9,7,97,1,4,0
4.8,5,6,7,164,0,0,0
6.6,2,1,3,91,0,1,0
4.5,4,2,1,292,1,3,0
6.6,10,5,1,187,0,4,0
7.6,1,4,8,40,1,0,0
5.8,7,6,1,136,0,0,1
8.2,2,4,9,49,0,1,0
6.7,4,4,9,127,0,4,0
7.7,7,2,10,183,1,3,0
8.4,3,3,9,205,1,1,0
6.7,10,8,6,161,1,2,1
6.1,7,6,10,123,0,3,0
7.8,5,6,8,229,1,0,1
7.6,5,10,1,265,0,2,1
4.0,4,4,6,11,1,4,0
6.6,10,10,3,48,0,3,1
5.8,3,5,6,298,0,1,0
5.3,5,2,10,204,0,0,0
7.6,8,3,8,295,0,4,0
7.2,1,10,7,40,0,2,1
5.7,7,7,2,116,0,3,1
4.3,9,1,6,276,0,2,0
6.5,4,3,1,201,1,4,0
6.9,2,4,7,148,1,1,0
4.7,2,8,10,25,1,2,0
4.4,9,7,3,69,1,4,1
5.0,7,10,4,287,0,1,1
4.4,7,6,10,45,0,3,0
6.1,6,4,6,176,0,2,0
4.8,6,10,8,74,1,0,1
8.6,4,4,6,79,0,0,0
7.7,4,10,3,147,0,2,1
7.5,2,5,8,241,0,2,0
5.0,9,4,4,279,1,4,0
6.4,3,1,7,298,0,2,0
4.9,5,4,10,138,0,3,0
7.3,1,2,7,138,1,0,0
4.1,7,4,7,260,0,2,0
6.4,10,9,2,95,0,4,1
8.8,9,1,1,126,1,2,1
6.4,3,1,6,180,1,2,0
5.2,9,5,1,131,1,0,1
8.7,5,4,3,174,1,1,1
4.4,7,9,10,116,1,1,1
6.9,7,5,10,168,1,4,0
4.7,3,10,9,103,0,2,0
7.4,9,3,7,74,0,2,1
4.3,9,2,3,162,0,0,0
7.8,7,7,5,226,1,1,1
7.9,2,3,3,13,1,4,1
6.8,4,10,4,118,0,2,1
4.4,8,3,9,240,1,1,0
8.3,8,8,3,83,0,1,1
4.2,1,5,7,113,0,1,0
4.3,8,10,8,166,1,1,1
6.1,1,10,7,160,1,4,0
8.7,10,10,9,268,0,4,1
4.5,8,1,4,265,1,0,1
6.8,9,1,4,149,1,3,0
8.4,5,8,3,216,1,4,1
8.6,9,3,8,231,0,4,0
4.6,10,9,3,201,1,2,1
6.3,3,8,10,103,1,0,0
5.3,3,2,2,58,1,2,0
4.4,7,9,10,81,1,4,1
5.9,3,6,10,76,0,1,0
4.9,1,7,5,158,1,2,1
7.1,2,3,4,1,1,0,1
6.3,8,9,1,252,0,1,1
6.9,8,8,7,226,0,4,0
7.0,4,9,5,285,0,0,1
4.9,1,6,1,74,0,4,0
8.2,5,6,2,25,0,3,1
9.0,3,5,10,293,0,3,0
7.7,6,1,2,153,1,2,1
8.5,2,7,9,33,1,3,1
4.7,5,6,9,211,0,1,0
7.1,2,10,9,44,1,4,1
8.7,5,7,10,162,1,4,0
6.9,10,6,3,288,1,4,1
7.6,8,8,3,119,1,1,1
4.0,1,8,2,106,1,3,1
4.2,6,9,4,5,0,2,1
5.3,2,5,5,259,1,0,0
4.6,6,6,7,291,0,1,0
5.0,6,8,8,18,0,3,0
4.8,8,9,6,236,1,0,1
8.2,5,10,6,284,0,1,0
6.9,6,6,2,76,1,0,1
5.7,7,9,3,292,1,1,1
7.0,5,6,1,139,1,0,1
6.5,4,6,8,154,0,4,0
5.5,2,6,1,103,0,3,0
6.5,8,9,3,97,1,3,1
7.7,9,5,6,73,0,4,0
7.4,3,4,1,235,1,4,0
4.6,5,1,10,44,1,3,0
8.4,2,9,5,11,1,1,1
5.6,4,5,5,272,1,3,0
7.4,5,3,3,140,0,0,0
8.8,9,9,2,105,1,4,1
5.6,3,5,10,125,0,0,0
5.6,6,9,8,25,0,0,1
6.4,1,2,7,27,0,3,0
6.0,10,10,8,182,1,2,1
8.1,9,2,8,290,0,0,0
8.1,8,2,8,158,1,3,0
5.2,4,3,10,132,1,3,0
4.9,6,6,8,249,0,0,0
6.4,6,8,8,87,1,2,1
7.0,3,9,2,207,0,2,1
6.8,2,5,9,236,1,4,0
6.1,10,4,9,81,1,3,0
4.3,4,10,7,222,1,4,0
7.5,3,2,10,249,0,4,0
7.0,6,9,2,227,0,2,1
8.8,2,10,2,194,1,3,1
7.2,1,2,4,71,0,1,1
7.3,8,9,5,199,1,1,1
5.0,6,5,10,155,1,2,0
9.0,10,1,10,261,1,1,1
8.3,1,6,9,27,0,4,0
8.1,6,2,5,15,0,3,1
7.5,7,6,7,207,1,3,1
6.7,3,8,3,96,1,2,1
8.2,3,5,3,68,0,0,1
7.2,3,8,7,69,0,1,1
7.2,7,8,10,217,0,3,1
6.5,9,8,7,181,0,1,0
6.1,1,10,8,121,1,3,0
8.6,10,6,1,19,1,2,1
4.6,8,2,3,269,1,3,0
6.6,9,10,2,125,1,0,1
7.4,9,10,5,27,1,4,1
7.9,8,8,9,240,1,3,1
5.8,5,5,3,18,1,4,0
5.3,8,10,3,293,0,2,1
8.0,10,1,5,248,0,1,1
6.5,5,5,3,143,1,2,0
4.1,2,10,3,77,1,2,1
8.0,5,4,8,92,0,2,0
8.9,3,10,3,253,1,3,1
5.2,8,3,4,295,1,0,1
7.2,2,1,3,237,1,3,0
5.5,9,4,7,199,1,2,0
4.7,7,1,5,229,1,2,1
8.8,1,2,9,181,1,4,0
8.6,5,6,5,136,0,2,1
7.3,7,8,4,99,1,1,1
5.6,1,1,2,6,1,0,0
6.6,8,6,4,145,1,1,1
4.2,10,2,1,111,0,0,1
4.4,10,3,7,289,0,0,0
7.5,5,5,8,38,1,2,0
7.8,6,5,3,37,1,0,1
5.9,6,1,5,135,0,3,0
4.3,4,10,7,91,1,0,0
4.7,7,4,10,54,1,2,0
4.5,2,2,10,128,1,0,0
8.5,3,1,1,199,1,1,1
7.5,7,10,1,263,1,3,1
6.2,2,9,4,1,1,3,1
4.6,9,6,6,155,1,0,1
7.2,2,6,9,174,0,3,0
7.8,5,4,3,283,0,3,0
7.3,5,7,2,183,1,0,1
8.4,8,4,3,18,0,0,1
7.6,10,4,8,199,0,4,0
7.2,8,9,8,8,0,2,1
4.3,1,7,2,108,1,4,1
4.7,10,4,2,18,0,3,0
7.3,8,10,1,124,0,0,1
4.9,1,5,2,233,0,4,0
4.3,2,2,8,112,0,1,0
6.1,7,6,2,294,0,2,1
8.2,4,1,10,88,1,0,0
4.6,3,7,3,189,0,3,0
5.2,10,1,3,51,1,1,1
4.1,8,2,1,3,0,0,1
7.5,10,5,7,243,0,1,0
4.7,5,9,8,210,0,1,0
7.1,1,10,3,255,0,2,1
5.7,1,9,4,98,0,4,0
8.9,10,6,9,259,0,3,1
7.9,4,5,1,99,0,1,1
7.4,8,8,3,81,0,0,1
7.2,5,4,7,128,1,4,0
8.0,8,1,2,26,0,1,1
7.9,8,9,2,36,0,3,1
7.0,6,7,4,166,0,0,1
5.6,2,4,7,102,1,1,0
4.4,10,8,1,223,0,1,1
8.6,8,3,7,191,0,3,0
7.6,6,5,4,171,0,0,1
7.5,1,5,3,56,1,3,1
6.1,6,4,5,80,0,4,0
8.9,4,2,7,267,1,1,0
7.0,8,5,1,219,0,1,1
5.6,10,4,10,76,0,3,0
8.9,1,8,9,17,1,4,1
6.0,2,8,8,123,0,4,0
7.8,7,4,3,183,1,1,1
7.2,2,1,8,156,0,3,0
8.3,10,1,8,237,0,3,0
4.9,6,8,1,36,1,2,1
6.7,5,7,5,277,0,0,0
7.1,6,1,9,186,0,0,0
5.9,8,10,1,187,1,1,1
7.2,2,9,4,70,1,1,1
6.7,8,10,4,115,1,2,1
8.5,9,7,5,27,0,2,1
5.7,8,9,9,62,1,4,1
7.4,9,5,8,188,0,1,0
8.5,8,2,2,200,0,2,1
8.8,2,2,3,141,0,1,0
6.5,4,9,1,150,1,4,0
8.7,8,6,7,227,0,2,1
4.9,1,4,9,171,1,4,0
5.7,6,8,10,271,1,3,0
5.5,3,5,3,133,0,3,0
5.9,5,1,3,180,1,3,0
8.8,10,3,9,146,0,1,0
8.2,3,3,4,59,0,2,1
6.9,8,5,6,94,0,4,0
7.5,6,6,3,190,1,4,1
8.9,9,5,2,12,1,3,1
7.8,8,6,3,2,1,2,1
6.4,5,10,3,289,1,2,1
7.4,8,1,3,282,0,2,1
4.1,10,4,8,182,0,2,0
4.3,4,10,9,113,1,1,0
4.1,9,8,2,262,1,1,1
6.5,10,10,9,28,1,3,1
4.7,7,6,7,190,0,2,0
5.7,5,8,9,44,0,3,0
7.7,7,8,5,83,1,3,1
4.7,10,10,2,73,0,2,1
6.4,9,6,2,192,0,0,1
6.0,5,7,3,284,1,4,0
7.8,3,4,3,195,1,4,0
6.5,5,10,5,252,1,1,1
4.1,1,3,5,153,1,0,0
7.3,5,7,3,251,0,0,1
4.6,5,8,2,185,1,4,0
6.2,5,8,2,191,0,2,0
4.8,1,3,6,236,0,2,0
4.8,5,6,7,182,0,2,0
5.5,2,9,4,93,0,4,0
7.8,9,6,6,154,1,2,1
4.5,10,6,3,6,0,4,1
5.4,8,7,6,83,0,1,1
4.8,4,4,9,269,0,3,0
6.3,2,2,3,8,1,2,0
5.6,6,3,8,267,1,1,0
7.5,1,2,4,65,0,1,1
5.5,4,3,2,217,0,0,0
4.1,8,7,1,100,0,0,1
8.0,9,10,1,240,0,2,1
